name,value
Pablo Hoffman,17495
Daniel Graña,11826
Mikhail Korobov,4047
Julia Medina,4041
Edwin O Marshall,3129
Paul Tremberth,2435
Daniel Grana,2358
Ismael Carnales,1961
Elias Dorneles,1138
Jakob de Maeyer,918
Alex Cepoi,754
Konstantin Lopuhin,737
nyov,724
nramirezuy,398
Pawel Miech,390
elpolilla,388
Martin Olveyra,303
Rolando Espinoza La fuente,294
Lukasz Biedrycki,288
Alexandru Cepoi,279
Max Arnold,278
Not Committed Yet,274
Steven Almeroth,241
duendex,235
Νικόλαος-Διγενής Καραγιάννης,228
Ping Yin,207
Daniel Collins,204
tpeng,199
Felix Yan,170
Artur Gaspar,162
alexanderlukanin13,140
Marven Sanchez,134
Rolando Espinoza,131
samus_,123
Shadab Zafar,116
preetwinder,110
Alexander Chekunkov,109
Capi Etheriel,104
djunzu,102
Lucian Ursu,93
Nicolás Ramírez,91
Valdir Stumm Jr,85
stummjr,82
bagratte,81
Felipe Ruhland,76
olveyra,73
Olaf Dietsche,71
Sudhanshu Shekhar,70
Alexander Sibiryakov,70
Dracony,69
Jamey Sharp,65
Aron Bordin,61
Nicolas Pennequin,59
Alexey Bezhan,59
Raul Gallegos,56
Mikael Åhlén,55
Rocio Aramberri,54
mrpandav,52
Shane Evans,52
orangain,51
Lev Berman,49
Darshan Chaudhary,46
Nikolaos-Digenis Karagiannis,45
Pengyu CHEN,43
Joakim Uddholm,42
paul,40
Berend Iwema,40
Andrew Scorpil,40
Stefan,39
Berker Peksag,37
palego,35
Valdir Stumm Junior,34
Travis Briggs,34
Pedro Faustino,32
Jesús Losada,31
notsobad,29
Jonas Tingeborn,29
Stefan Koch,28
Denys Butenko,28
dfdeshom,27
Matvei Nazaruk,27
dinesh,26
arijitchakraborty,23
Chris Tilden,22
Chris Nilsson,22
file (standard input) matches,20
darshanime,19
Yaroslav Halchenko,17
Mateusz Golewski,17
Luar Roji,17
Lorena,17
Claudio Salazar,17
Shuaib,16
Mikhail Lyundin,16
Victoria Terenina (torymur),15
Martin Santos,15
Leonid Amirov,15
omer,13
Richard Dowinton,13
Nikita Nikishin,13
rootavish,12
Rafał Gutkowski,12
Jordi Llonch,12
Cameron Lane,12
stav,11
immerrr,11
drack3800,11
David Chen,11
Marc Abramowitz,10
Ashish Kulkarni,10
ivannotes,9
Thom Dixon,9
Ruben Vereecken,9
Diego Allen,9
pablo,8
Tom Mortimer-Jones,8
Kevin Yap,8
Dragon Dave,8
Breno Colom,8
Artem Bogomyagkov,8
pawelmhm,7
cacovsky,7
Lucas Moauro,7
daniel,6
Irhine,6
Gregory Vigo Torres,6
Dharmesh Pandav,6
seales,5
Panayiotis Lipiridis,5
Hasnain Lakhani,5
smirecki,4
bosnj,4
agusc,4
Ralph Gutkowski,4
Rafal Jagoda,4
Peter Bronez,4
David Tagatac,4
Benoit Blanchon,4
vkrest,3
tracicot,3
ncp1113,3
klangner,3
Zoltán Szeredi,3
Victor Mireyev,3
Matt O'Connell,3
LucianU,3
Jae-Myoung Yu,3
Christian Pedersen,3
Brian Lange,3
Beng Hee Eu,3
klangner@gmail.com,2
hy,2
dgrana,2
Wieland Hoffmann,2
Victor Varvariuc,2
Rick,2
Patrick Connolly,2
Nikola Pavlović,2
Natan L,2
Michal Danilak,2
Mark Grey,2
Marius Gedminas,2
Marco DallaG,2
Luan,2
Kenneth Schnall,2
Juan Picca,2
Jason Yeo,2
Hobson Lane,2
Hart,2
Diana Huang,2
Demelziraptor,2
Bryan Crowe,2
Andrew Murray,2
Alexey Vishnevsky,2
yakxxx,1
tntC4stl3,1
scraperdragon,1
rajathkumarmp,1
nblock,1
nanolab,1
mgachhui,1
irgmedeiros,1
eltermann,1
eduardo,1
cclauss,1
carlosp420,1
anibal,1
andrewshir,1
Zbigniew Siciarz,1
Vikas Dhiman,1
Uyounghz,1
Roy Crihfield,1
Robert Weindl,1
Rendaw,1
Ramiro Morales,1
Paul Brown,1
Nuno Maximiano,1
Michael Manfre,1
Maik Röder,1
Lisimia,1
Lele,1
Lazar-T,1
Kumara Tharmalingam,1
José Ricardo,1
Ilya Baryshev,1
Hoat Le,1
HalfCrazy,1
Ferdy Rodriguez,1
Faisal Anees,1
Chomba Ng'ang'a,1
Cash Costello,1
Ally Weir,1
Alexandr N Zamaraev (aka tonal),1
Aivars Kalvāns,1
Adam Donahue,1
